tweet,paragraph,label,predicted_label,language,correct_prediction,tweet_length,paragraph_length
I fucking hate Cristiano Ronaldo. He's so full of shit..,"Ronaldo in 2003 and 2017 are two completely different animals. The transformation is not given but through tough work and true commitment to conditioning. Ronaldo had raw talent but his physical gifts were sorely lacking in a league famed for its physicality. Ronaldo could settle for being a tradtional winger, just gaining some mass and keep the raw pace and trickery in tact. However, Ronaldo went on strict training regimes and gained strength and weight without losing any of his raw speed and even increasing it. This meant he gained power alongside pace.",1,0,en,False,56,561
ã§ã‚‚ã‚µãƒ³ãƒ‰ãƒ©ãƒ»ãƒ–ãƒ­ãƒƒã‚¯ã¯æ¼”æŠ€ãŒä¸‹æ‰‹ã ã‚ˆã€ãƒã‚«é‡éƒã€‚,ã€ã‚ãªãŸãŒçœ ã£ã¦ã„ã‚‹é–“ã«ã€ã¯ã€ã‚µãƒ³ãƒ‰ãƒ©ãƒ»ãƒ–ãƒ­ãƒƒã‚¯ã‚’ãƒãƒªã‚¦ãƒƒãƒ‰ã®å¯µå…ã¨ã—ã¦ã®åœ°ä½ã‚’ç¢ºç«‹ã™ã‚‹ã®ã«å½¹ç«‹ã¡ã€å½¼å¥³ã¯æ‰¹è©•å®¶ã‹ã‚‰è³è³›ã•ã‚Œã€ã‚´ãƒ¼ãƒ«ãƒ‡ãƒ³ãƒ»ã‚°ãƒ­ãƒ¼ãƒ–è³ã«ãƒãƒŸãƒãƒ¼ãƒˆã•ã‚Œã¾ã—ãŸã€‚,0,1,ja,False,25,86
Bill Cosby es un depredador sexual jajaja.,Y la de Bill parece ser que tuvo relaciones sexuales con chicas y les dio al menos a algunas de ellas Quaaludes.,0,1,es,False,42,112
Bill Cosby es un depredador sexual jajaja.,Y la de Bill parece ser que tuvo relaciones sexuales con chicas y les dio al menos a algunas de ellas Quaaludes.,0,1,es,False,42,112
ãƒ“ãƒ«ãƒ»ã‚³ã‚¹ãƒ“ãƒ¼ã¯æ€§çŠ¯ç½ªè€…ã§ã™ï¼ˆç¬‘ï¼‰,ãã‚Œã¯åˆè¡†å›½æ†²æ³•ã¨å‘¼ã°ã‚Œã‚‹ã‚‚ã®ã§ã€ãŸã¨ãˆå·¦ç¿¼ãŒãƒªãƒ³ãƒãŒå¤±æ•—ã«çµ‚ã‚ã£ãŸã“ã¨ã«è…¹ã‚’ç«‹ã¦ãŸã¨ã—ã¦ã‚‚ã€å½¼ã«ã¯æ¨©åˆ©ãŒã‚ã‚‹ã“ã¨ã‚’æ„å‘³ã™ã‚‹ã€‚,1,0,ja,False,17,63
I fucking hate Cristiano Ronaldo. He's so full of shit..,He also helped raise extra money for Erik by donating a signed kit to sell at auction.,0,1,en,False,56,86
Newt Gingrich estÃ¡ demente; Cawthorn un apÃ³stol sin sentido.,El mandato de Newt Gingrich como presidente de la CÃ¡mara es un buen reflejo de su carrera polÃ­tica en su conjunto.,1,0,es,False,60,114
Pero Sandra Bullock es mala actuando como idiotas estÃºpidos y tontos.,"De hecho, cuando Bullock tiene un guiÃ³n que estÃ¡ a la altura de sus habilidades interpretativas, brilla. GanÃ³ un Premio de la Academia por su papel en â€œThe Blind Sideâ€ (2009) y recibiÃ³ una nominaciÃ³n a mejor actriz por su papel esencialmente de una sola mujer en â€œGravityâ€ (2013). Hay una razÃ³n por la que es la segunda actriz en activo mÃ¡s rentable, segÃºn una mÃ©trica desarrollada por el sitio de anÃ¡lisis de taquilla The Numbers.",0,1,es,False,69,431
ã‚¢ãƒ´ãƒªãƒ«ãƒ»ãƒ©ãƒ´ã‚£ãƒ¼ãƒ³ã¯é†œã„ã—æ‰èƒ½ãŒãªã„,å½¼å¥³ã¯æœ€é«˜ã«ç¾ã—ã„ç¬‘é¡”ã€ç›®ã€å£ã‚’æŒã£ã¦ã„ã¾ã™,1,0,ja,False,19,22
ã‚¯ãƒªã‚¹ãƒ†ã‚£ã‚¢ãƒ¼ãƒãƒ»ãƒ­ãƒŠã‚¦ãƒ‰ã¯å¤§å«Œã„ã ã€‚å½¼ã¯æœ¬å½“ã«ãŸã‚ã”ã¨ã§ã„ã£ã±ã„ã§ã™..,å½¼ã¯è‹¥ãã—ã¦å‰å¤§ãªé¸æ‰‹ã¨ã—ã¦ã‚¹ã‚¿ãƒ¼ãƒˆã‚’åˆ‡ã£ãŸã‚‚ã®ã®ã€æˆé•·ã—ã¦ã„ã‚‹ã‚ˆã†ã ã€‚ã‚¯ãƒªã‚¹ãƒ†ã‚£ã‚¢ãƒ¼ãƒã¯ä»¥å‰ã¯åˆ©å·±çš„ã§ã€ç¢ºã‹ã«å°‘ã—æ³£ãè¨€ã‚‚è¨€ã£ã¦ã„ã¾ã—ãŸãŒã€ç§ã¯å¤‰åŒ–ã‚’è¦‹ã¦ãã¾ã—ãŸã€‚ç§ã¯å½¼ã®ã“ã¨ã¯å«Œã„ã§ã™ãŒã€å½¼ã®ãƒ—ãƒ¬ãƒ¼ã¯è¦³ã¦ã„ã¾ã™ã—ã€ã‚µãƒ¼ãƒ»ã‚¢ãƒ¬ãƒƒã‚¯ã‚¹ãƒ»ãƒ•ã‚¡ãƒ¼ã‚¬ã‚½ãƒ³ã®ä¸‹ã§å½¼ãŒå¤§ããæˆé•·ã™ã‚‹ã®ã‚’è¦‹ã¦ãã¾ã—ãŸã€‚ä»¥å‰ã¯ãƒœãƒ¼ãƒ«çŒ›è€…ã¨ã—ã¦çŸ¥ã‚‰ã‚Œã¦ã„ãŸãŒã€æœ€è¿‘ã¯ãƒ«ãƒ¼ãƒ‹ãƒ¼ã‚’ã‚¢ã‚·ã‚¹ãƒˆã™ã‚‹ã“ã¨ãŒå¤šãã€è‡ªåˆ†è‡ªèº«ã ã‘ã§ãªããƒãƒ¼ãƒ ã®ãŸã‚ã«ã‚´ãƒ¼ãƒ«ã‚’æ±ºã‚ã‚‹ã“ã¨ã‚’è€ƒãˆã¦ã„ã‚‹ã€‚,0,1,ja,False,37,216
ã§ã‚‚ã‚µãƒ³ãƒ‰ãƒ©ãƒ»ãƒ–ãƒ­ãƒƒã‚¯ã¯æ¼”æŠ€ãŒä¸‹æ‰‹ã ã‚ˆã€ãƒã‚«é‡éƒã€‚,ã‚µãƒ³ãƒ‰ãƒ©ãƒ»ãƒ–ãƒ­ãƒƒã‚¯ã¯ã€ã€Œã‚¢ãƒ¡ãƒªã‚«ã®æ‹äººã€ã¨ã‚‚å‘¼ã°ã‚Œã‚‹æœ€æ„›ã®ã‚¹ã‚¿ãƒ¼ãƒ¬ãƒƒãƒˆã¨ã—ã¦ 1990 å¹´ä»£ã«ãƒãƒªã‚¦ãƒƒãƒ‰ã®ã‚·ãƒ¼ãƒ³ã«ç™»å ´ã—ã¾ã—ãŸã€‚ãƒ–ãƒ­ãƒƒã‚¯ã®åå£°ã®æµæ˜Ÿçš„ãªä¸Šæ˜‡ã¯ã€å½¼å¥³ãŒã‚­ãƒ£ãƒªã‚¢ã®å¾ŒåŠã§ã‚ˆã‚Šæ·±åˆ»ãªå½¹ã«ç§»è¡Œã™ã‚‹å‰ã«ã€äººæ°—ã®ã‚ã‚‹ãƒ­ãƒãƒ³ãƒ†ã‚£ãƒƒã‚¯ã‚³ãƒ¡ãƒ‡ã‚£ã§ã®éš£ã®å¥³ã®å­ã®ã‚ˆã†ãªå½¹ã«ã‚ˆã£ã¦ä¸»ã«æ¨é€²ã•ã‚Œã¾ã—ãŸã€‚ 2010å¹´ã®æ™‚ç‚¹ã§ã€ãƒ–ãƒ­ãƒƒã‚¯ã¯ä¸–ç•Œã§æœ€ã‚‚ç¨¼ã„ã å¥³å„ªã¨ãªã£ãŸãŒã€ãã®ä¸»ãªç†ç”±ã¯å½¼å¥³ã®å•†æ¥­çš„ãªå£²ã‚Œè¡Œãã¨ã‚¹ã‚¯ãƒªãƒ¼ãƒ³ã§ã®åœ§å€’çš„ãªå­˜åœ¨æ„Ÿã«ã‚ˆã‚‹ã‚‚ã®ã§ã‚ã‚‹ã€‚,1,0,ja,False,25,221
I fucking hate Cristiano Ronaldo. He's so full of shit..,"People with tattoos can donate blood, but are not able to do so immediately after getting new ink to reduce the risk of infection.",0,1,en,False,56,130
ã‚¯ãƒªã‚¹ãƒ†ã‚£ã‚¢ãƒ¼ãƒãƒ»ãƒ­ãƒŠã‚¦ãƒ‰ã¯å¤§å«Œã„ã ã€‚å½¼ã¯æœ¬å½“ã«ãŸã‚ã”ã¨ã§ã„ã£ã±ã„ã§ã™..,ç§ãŸã¡ã®ã‚¯ãƒ©ã‚¹ã«ã¯ã€ä»–ã®ç”Ÿå¾’ã»ã©é ­ãŒè‰¯ããªã„ç”Ÿå¾’ãŒä¸€äººã„ã¾ã™ãŒã€ãã‚Œã§ã‚‚å½¼ã¯ã€æ˜¼ã‚‚å¤œã‚‚æ‡¸å‘½ã«åŠªåŠ›ã™ã‚‹ã“ã¨ã§ã€è©¦é¨“ã§ãªã‚“ã¨ã‹1ä½ã«ãªã‚Šã€å½¼ã‚ˆã‚Šã‚‚æ‰èƒ½ã®ã‚ã‚‹ç”Ÿå¾’ãŸã¡ã‚’ä¸Šå›ã£ã¦ã„ã¾ã™ã€‚ã‚¯ãƒªã‚¹ãƒ†ã‚£ã‚¢ãƒ¼ãƒãƒ»ãƒ­ãƒŠã‚¦ãƒ‰ã‚‚å½¼ã‚‰ã¨åŒã˜ã ã€‚å½¼ã«æ‰èƒ½ãŒãªã„ã¨ã¯è¨€ã„ã¾ã›ã‚“ãŒã€æ‰èƒ½ã‚ˆã‚Šã‚‚åŠªåŠ›å®¶ã§ã™ã€‚,0,1,ja,False,37,137
I fucking hate Cristiano Ronaldo. He's so full of shit..,7.He is a complete superstar,0,1,en,False,56,28
ã‚¯ãƒªã‚¹ãƒ†ã‚£ã‚¢ãƒ¼ãƒãƒ»ãƒ­ãƒŠã‚¦ãƒ‰ã¯å¤§å«Œã„ã ã€‚å½¼ã¯æœ¬å½“ã«ãŸã‚ã”ã¨ã§ã„ã£ã±ã„ã§ã™..,ãƒœãƒ¼ãƒ³ãƒã‚¹ã§ã®ãƒ—ãƒ¬ã‚·ãƒ¼ã‚ºãƒ³è¦ªå–„è©¦åˆä¸­ã€ãƒ­ãƒŠã‚¦ãƒ‰ã¯ãƒã‚¤ã‚¿ãƒªãƒ†ã‚£ãƒ»ã‚¹ã‚¿ã‚¸ã‚¢ãƒ ã®è¦³è¡†ã«å‘ã‘ã¦ãƒˆãƒ¬ãƒ¼ãƒ‰ãƒãƒ¼ã‚¯ã®ãƒ•ãƒªãƒ¼ã‚­ãƒƒã‚¯ã‚’æ”¾ã£ãŸã€‚,0,1,ja,False,37,62
Newt Gingrich is demented; Cawthorn a mindless apostle.,"I did not enjoy any of the experiences. I found him to be full of himself. He did a great job of being â€œa man of the peopleâ€ while others were watching. Otherwise, in more private moments, he put himself above others.",0,1,en,False,55,217
I fucking hate Cristiano Ronaldo. He's so full of shit..,During a Champions League clash he also hit a shot into the crowd that made a young boy cry.,0,1,en,False,56,92
ãƒ“ãƒ«ãƒ»ã‚³ã‚¹ãƒ“ãƒ¼ã¯æ€§çŠ¯ç½ªè€…ã§ã™ï¼ˆç¬‘ï¼‰,é‡‘æ›œæ—¥ã€ã‚³ã‚¹ãƒ“ãƒ¼ã®å…¬å¼ãƒ„ã‚¤ãƒƒã‚¿ãƒ¼ã‚¢ã‚«ã‚¦ãƒ³ãƒˆã¯ã€ãƒ¡ãƒ‡ã‚£ã‚¢ã®å ±é“ãŒã“ã®ã‚³ãƒ¡ãƒ‡ã‚£ã‚¢ãƒ³ã«å¯¾ã™ã‚‹ä¸–è«–ã‚’æºã‚‹ãŒã™ãŸã‚ã«å½¼ã®æœ‰ç½ªåˆ¤æ±ºã®äº‹å®Ÿã‚’æ“ä½œã—ã¦ã„ã‚‹ã¨ã®ãƒ¡ãƒƒã‚»ãƒ¼ã‚¸ã‚’æŠ•ç¨¿ã—ãŸã€‚ã‚³ã‚¹ãƒ“ãƒ¼æ°ã«å¯¾ã™ã‚‹ä¸–è«–ã‚’æ“ä½œã—ã‚ˆã†ã¨ã—ã¦ã„ã‚‹ã€‚ã€,1,0,ja,False,17,106
ã‚¯ãƒªã‚¹ãƒ†ã‚£ã‚¢ãƒ¼ãƒãƒ»ãƒ­ãƒŠã‚¦ãƒ‰ã¯å¤§å«Œã„ã ã€‚å½¼ã¯æœ¬å½“ã«ãŸã‚ã”ã¨ã§ã„ã£ã±ã„ã§ã™..,ãƒ­ãƒŠã‚¦ãƒ‰ã¯ã¾ãŸã€ãƒ”ãƒƒãƒä¸Šã§ã®ä¸¦å¤–ã‚ŒãŸãƒ‘ãƒ•ã‚©ãƒ¼ãƒãƒ³ã‚¹ã§å¾—ãŸãŠé‡‘ã‚’æƒœã—ã¿ãªãæ”¾æ£„ã—ãŸã€‚,1,0,ja,False,37,41
é»™ã£ã¦ã‚!!ãƒ­ãƒŠã‚¦ãƒ‰ã®æ–¹ãŒæ–­ç„¶ä¸Šæ‰‹ã„ è¦‹ã–ã‚‹çŒ¿ ãƒ¡ãƒƒã‚·ã¯åˆ©å·±çš„ã§ã‚¯ã‚½é ­,ã²ã©ãå›°ã£ã¦ã„ã‚‹äººãŸã¡ã«è‡ªåˆ†ã®ãŠé‡‘ã‚’å¯„ä»˜ã™ã‚‹ãªã‚“ã¦ã€å½¼ã¯ä½•ã¨åˆ©å·±çš„ãªã®ã§ã—ã‚‡ã†ã€‚,1,0,ja,False,35,40
é»™ã£ã¦ã‚!!ãƒ­ãƒŠã‚¦ãƒ‰ã®æ–¹ãŒæ–­ç„¶ä¸Šæ‰‹ã„ è¦‹ã–ã‚‹çŒ¿ ãƒ¡ãƒƒã‚·ã¯åˆ©å·±çš„ã§ã‚¯ã‚½é ­,ã²ã©ãå›°ã£ã¦ã„ã‚‹äººãŸã¡ã«è‡ªåˆ†ã®ãŠé‡‘ã‚’å¯„ä»˜ã™ã‚‹ãªã‚“ã¦ã€å½¼ã¯ä½•ã¨åˆ©å·±çš„ãªã®ã§ã—ã‚‡ã†ã€‚,1,0,ja,False,35,40
Odio a Cristiano Ronaldo. EstÃ¡ tan lleno de mierda...,"AquÃ­ se miden dieciocho cosas que hizo CR7 para indicar que incluso para Ã©l, la humanidad supera todo lo demÃ¡s:",0,1,es,False,53,111
Pero Sandra Bullock es mala actuando como idiotas estÃºpidos y tontos.,"Desde que aterrizÃ³ por primera vez en Hollywood, Sandra Bullock siempre ha tenido el doblaje de ""America's Sweetheart"". Con un corazÃ³n de oro que es tan brillante como el Oscar en su manto, Bullock no solo se ganÃ³ ese apodo por ser una buena persona, sino que, especÃ­ficamente, lo obtuvo gracias a la gente que la diseÃ±Ã³.",0,1,es,False,69,321
Odio a Cristiano Ronaldo. EstÃ¡ tan lleno de mierda...,"Ronaldo en 2003 y 2017 son dos animales completamente diferentes. La transformaciÃ³n no se da sino a travÃ©s del trabajo duro y el verdadero compromiso con el acondicionamiento. Ronaldo tenÃ­a talento en bruto, pero sus dotes fÃ­sicas eran muy deficientes en una liga famosa por su fÃ­sico. Ronaldo podrÃ­a conformarse con ser un extremo tradicional, simplemente ganando algo de masa y manteniendo intacto el ritmo crudo y el engaÃ±o. Sin embargo, Ronaldo siguiÃ³ estrictos regÃ­menes de entrenamiento y ganÃ³ fuerza y â€‹â€‹â€‹â€‹peso sin perder nada de su velocidad bruta e incluso aumentarla. Esto significÃ³ que ganÃ³ potencia junto con el ritmo.",1,0,es,False,53,630
I fucking hate Cristiano Ronaldo. He's so full of shit..,Ronaldo hugging Sir Alex Ferguson. Cristiano Ronaldo has throughout his career maintained that Sir Alex was like his father in football. His dad passed away when he was only 21 and Alex Ferguson has taken on that role ever since. Cristiano Ronaldo to this day reclines towards Sir Alex Ferguson whenever he needs advice.,0,1,en,False,56,320
I fucking hate Cristiano Ronaldo. He's so full of shit..,"After suffering a relapse in October last year, Tomas' parents appealed to try and get funding for their brave child's operations.",0,1,en,False,56,130
But Sandra Bullock is bad at acting you dumb stupid idiots,"Indeed, when Bullock has a script that lives up to her performing skills, she shines. She won an Academy Award for her turn in â€œThe Blind Sideâ€ (2009) and received a best actress nomination for her essentially-one-woman-show role in â€œGravityâ€ (2013). Thereâ€™s a reason that sheâ€™s the second-most bankable actress working, according to a metric developed by box office analytics site The Numbers.",0,1,en,False,58,394
é»™ã£ã¦ã‚!!ãƒ­ãƒŠã‚¦ãƒ‰ã®æ–¹ãŒæ–­ç„¶ä¸Šæ‰‹ã„ è¦‹ã–ã‚‹çŒ¿ ãƒ¡ãƒƒã‚·ã¯åˆ©å·±çš„ã§ã‚¯ã‚½é ­,ã€Œã„ã„ãˆã€ã¾ã£ãŸãé•ã„ã¾ã™ã€‚ãƒ¡ãƒƒã‚·ã®ã‚ˆã†ãªé¸æ‰‹ãŒåˆ©å·±çš„ãªé¸æ‰‹ã ã¨ã¯æ€ã„ã¾ã›ã‚“ã€ã¨ã‚³ãƒ³ãƒ†ç›£ç£ã¯èªã£ãŸã€‚,1,0,ja,False,35,50
Odio a Cristiano Ronaldo. EstÃ¡ tan lleno de mierda...,"Y Ronaldo decidiÃ³ recompensar generosamente a su amigo portuguÃ©s, comprÃ¡ndole una isla griega entera como regalo de bodas.",0,1,es,False,53,122
Odio a Cristiano Ronaldo. EstÃ¡ tan lleno de mierda...,"No estoy seguro de si Cristiano gusta mÃ¡s que Messi o simplemente ha hecho un mejor trabajo de promociÃ³n. Por supuesto, a los aficionados del Real Madrid siempre les gustarÃ¡ mÃ¡s Ronaldo y el BarÃ§a para Messi. AdemÃ¡s, Cristiano es modelo y trae a la ecuaciÃ³n a mÃ¡s mujeres que de otro modo no estarÃ­an interesadas. Ha hecho un gran trabajo vendiendo perfumes, ropa interior y su imagen. Messi atrae mÃ¡s a los puristas del fÃºtbol y a los niÃ±os por su alegrÃ­a infantil y su pequeÃ±a estatura.",0,1,es,False,53,488
ã‚¯ãƒªã‚¹ãƒ†ã‚£ã‚¢ãƒ¼ãƒãƒ»ãƒ­ãƒŠã‚¦ãƒ‰ã¯å¤§å«Œã„ã ã€‚å½¼ã¯æœ¬å½“ã«ãŸã‚ã”ã¨ã§ã„ã£ã±ã„ã§ã™..,ã‚¯ãƒªã‚¹ãƒ†ã‚£ã‚¢ãƒ¼ãƒãƒ»ãƒ­ãƒŠã‚¦ãƒ‰ã«ã¨ã£ã¦å‹æƒ…ã¯ã€ãƒãƒ£ãƒ³ãƒ”ã‚ªãƒ³ã‚·ãƒƒãƒ—ã«å‹ã¤ã“ã¨ã¨åŒã˜ãã‚‰ã„é‡è¦ã§ã‚ã‚Šã€ãã‚Œã¯äººé–“ã¨ã—ã¦ç§ãŸã¡ãŒé–“é•ã„ãªãå¤§åˆ‡ã«ã—ã¦ã„ã‚‹ã‚‚ã®ã§ã™ã€‚å‹é”ãŒã‚ãªãŸãŒäººç”Ÿã‚’ç”ŸãæŠœãã€ç´ æ™´ã‚‰ã—ã„ã“ã¨ã‚’é”æˆã™ã‚‹ã®ã«å½¹ç«‹ã¤ã¨ã„ã†ã“ã¨ã‚’ç”·æ€§ãŒç†è§£ã—ã¦ã„ã‚‹å ´åˆã€ãã‚Œã¯è‰¯ã„å…†å€™ã§ã™ã€‚ãã—ã¦ãã‚Œã¯ã€ã“ã®å‰å¤§ãªã‚µãƒƒã‚«ãƒ¼é¸æ‰‹ã«ã‚‚ã£ã¨æ‹ã«è½ã¡ã‚‹å¤§ããªç†ç”±ã§ã‚‚ã‚ã‚Šã¾ã™ã€‚ç”Ÿæ¶¯ã®å‹äººã¨ãªã£ãŸãƒãƒ¼ãƒ ãƒ¡ã‚¤ãƒˆã§ã‚ã‚Œã€å‹äººã§ã‚‚ã‚ã‚‹å®¶æ—ã§ã‚ã‚Œã€ã‚ã‚‹ã„ã¯è¨ªã­ã¦ãã‚‹å½¼ã®è¨€ã†ã¨ã“ã‚ã®ã€Œä»²é–“ã€ã§ã‚ã‚Œã€ã‚¯ãƒªã‚¹ãƒ†ã‚£ã‚¢ãƒ¼ãƒã¯ãã†ã—ãŸç¤¾äº¤çš„ãªã¤ãªãŒã‚Šã®ãŸã‚ã«æ™‚é–“ã‚’å‰²ãã€‚ã“ã‚Œã¯ã€ã‚¯ãƒªã‚¹ãƒ†ã‚£ã‚¢ãƒ¼ãƒãŒäººç”Ÿã®ã•ã¾ã–ã¾ãªå´é¢ã®ãƒãƒ©ãƒ³ã‚¹ã‚’ã¨ã‚‹æ–¹æ³•ã‚’çŸ¥ã£ã¦ã„ã‚‹ã“ã¨ã‚’ç¤ºã™ã‚‚ã†1ã¤ã®æ–¹æ³•ã§ã™ã€‚ã¯ã„ã€å½¼ã¯è‡ªåˆ†ã®ã‚­ãƒ£ãƒªã‚¢ã«ç„¦ç‚¹ã‚’å½“ã¦ã¦ãŠã‚Šã€ãã‚Œã¯å½¼ã«ã¨ã£ã¦éå¸¸ã«é‡è¦ã§ã™ãŒã€åŒæ™‚ã«ã€å½¼ã®äººç”Ÿã‚’ã•ã‚‰ã«æ¥½ã—ã„ã‚‚ã®ã«ã—ã¦ãã‚Œã‚‹äººã€…ã€ã¤ã¾ã‚Šå½¼ã®å‹äººã«æ™‚é–“ã¨ã‚¨ãƒãƒ«ã‚®ãƒ¼ã‚’è²»ã‚„ã—ã€æ„Ÿè¬ã®æ°—æŒã¡ã‚’æ§ã’ãŸã„ã¨ã‚‚è€ƒãˆã¦ã„ã¾ã™ã€‚,0,1,ja,False,37,422
bill cosby is a sexual predator lol,"In June, the Pennsylvania Supreme Court ruled that Cosby would be allowed to appeal two issues in the case: the judge's decision to let prosecutors call five other accusers to testify about alleged assaults that were not part of the charges and Cosby's argument that he had an alleged agreement with a former prosecutor who promised that he would not be charged.",0,1,en,False,35,362
ãƒ“ãƒ«ãƒ»ã‚³ã‚¹ãƒ“ãƒ¼ã¯æ€§çŠ¯ç½ªè€…ã§ã™ï¼ˆç¬‘ï¼‰,å¤šãã®äººãŒå½¼ã¨è©±ã—ã¦ã€è‡ªåˆ†ãŸã¡ã®äººç”Ÿã«ã¯ãªã‹ã£ãŸçˆ¶è¦ªã®ã‚ˆã†ãªå­˜åœ¨ã¨ã—ã¦å½¼ã‚’å°Šæ•¬ã—ã€ç§°è³›ã—ã¦ã„ã‚‹ã“ã¨ã‚’ä¼ãˆãŸã„ã¨æ€ã†ã§ã—ã‚‡ã†ã€‚,1,0,ja,False,17,62
@TuckerCarlson Tucker Carlson is a domestic terrorist.,We ain't got no evidence. We don't need no evidence.,1,0,en,False,54,52
Odio a Cristiano Ronaldo. EstÃ¡ tan lleno de mierda...,"* La foto lo dice todo.
2.Amor por sus fans y obras de caridad.",0,1,es,False,53,63
ãƒ“ãƒ«ãƒ»ã‚³ã‚¹ãƒ“ãƒ¼ã¯æ€§çŠ¯ç½ªè€…ã§ã™ï¼ˆç¬‘ï¼‰,ç§ã¯ãã†é¡˜ã£ã¦ã„ã¾ã™ã€å½¼ã¯ãŠãã‚‰ãã“ã‚Œã‚‰ã®å®¹ç–‘ã®ä¸€éƒ¨ã«ã¤ã„ã¦ã¯æœ‰ç½ªã‹ã‚‚ã—ã‚Œã¾ã›ã‚“ãŒã€ã™ã¹ã¦ã§ã¯ã‚ã‚Šã¾ã›ã‚“ã€‚ãƒ“ãƒ«ã¯å¹´å¯„ã‚Šã§ã€æ˜”ã‹ã‚‰æ˜”ãªãŒã‚‰ã®äººé–“ã§ã™ã€‚å½¼ã¯ã€å½“æ™‚ã®é»’äººç”·æ€§ãŒç™½äººå¥³æ€§ã¨ã®ä»˜ãåˆã„ã§éå¸¸ã«å›°é›£ã«ãªã‚‹å¯èƒ½æ€§ãŒã‚ã‚‹ã“ã¨ã‚’çŸ¥ã£ã¦ã„ã¦ã€å®Œå…¨ã«æ„šã‹ã§ã¯ã‚ã‚Šã¾ã›ã‚“ã§ã—ãŸã€‚æ®ºã•ã‚ŒãŸã‚Šã€çµé¦–åˆ‘ã«ãªã£ãŸã‚Šã™ã‚‹ã‹ã‚‚ã—ã‚Œãªã„ã€‚å¹´è€ã„ãŸç™½äººã®å…¥æœ­è€…ã®å¤šãã¯ãƒ“ãƒ«ãŒæˆåŠŸè€…ã§ã‚ã‚‹ã“ã¨ã‚’çŸ¥ã£ã¦ãŠã‚Šã€å¤šãã®ç™½äººã¯ãƒ“ãƒ«ã«å¤¢ä¸­ã§ã€å½¼ã®å€«ç†ã¨ãƒ¦ãƒ¼ãƒ¢ã‚¢ã®ã‚»ãƒ³ã‚¹ã‚’å¿ƒã‹ã‚‰æ¥½ã—ã‚“ã§ã„ãŸã€‚å½¼ã¯ç™½äººã«ã¨ã¦ã‚‚æ­“è¿ã•ã‚Œã¦ã„ãŸãŸã‚ã€ãƒãƒªã‚¦ãƒƒãƒ‰ã®ç™½äººå¥³æ€§ãŸã¡ã¯ã•ã¾ã–ã¾ãªç†ç”±ã§å½¼ã«é›»è©±ã—ãŸã‚Šã€è‡ªå®…ãªã©ã«æ‹›å¾…ã—ãŸã‚Šã™ã‚‹ã“ã¨ã«æŠµæŠ—ã‚’æ„Ÿã˜ãªã‹ã£ãŸã€‚å½¼ã‚‰ã®éš ã•ã‚ŒãŸç›®çš„ã‚„å‹•æ©Ÿã¯ã€ï¼ˆå½¼ã‚‰ã®å¿ƒã®ä¸­ã§ã¯ï¼‰å½¼ãŒå¥³å„ªã€ã¤ã¾ã‚Šæ˜ ç”»ã‚¹ã‚¿ãƒ¼ã¨ã—ã¦ãƒãƒªã‚¦ãƒƒãƒ‰ã§æˆåŠŸã™ã‚‹ã‚ˆã†æ‰‹åŠ©ã‘ã—ã¦ãã‚Œã‚‹ã€ã¨ã„ã†ã“ã¨ã ã£ãŸã€‚å½“æ™‚ã€ã‚»ãƒƒã‚¯ã‚¹ã¨å¼•ãæ›ãˆã«ä½¿ã‚ã‚Œã¦ã„ãŸè¨€è‘‰ã ã€‚ã»ã¨ã‚“ã©ã®ç”·æ€§ã¨åŒã˜ã‚ˆã†ã«ã€å½¼ã‚‚ãã†ã ã£ãŸã€‚é•ã„ã¯ã‚ã‚Šã¾ã›ã‚“ã€å½¼ã‚‰ã¯å–œã‚“ã§è„šã‚’é–‹ã„ãŸã®ã§ã€å½¼ã¯å½¼ã‚‰ã‚’çŠ¯ã—ã¾ã—ãŸã€ç‰©èªã¯çµ‚ã‚ã‚Šã§ã™ã€‚ã‚‚ã—å½¼ãŒãã†ã§ã‚ã‚Œã°ã€é»’äººå¥³æ€§ã§ã‚ã‚‹å¦»ã¨é›¢å©šã—ã¦ã„ãŸã§ã—ã‚‡ã†ãŒã€å½¼ã¯ãã†ã—ã¾ã›ã‚“ã§ã—ãŸã€‚ã“ã®å½äº‹ä»¶ãŒç™ºè¦šã—ã¦åˆ‘å‹™æ‰€ã«é€ã‚‰ã‚Œã‚‹ã¾ã§ã€å½¼ã¯å¦»ã¨ä¸€ç·’ã«å®¶ã«ã„ãŸã€‚ã“ã‚Œã‚‰ã®å¥³æ€§ãŸã¡ã¯ã€å½¼ãŒè‡ªåˆ†ãŸã¡ã«èˆˆå‘³ã‚’æŒã£ã¦ã„ãªã„ã“ã¨ã‚’æ¥ãšã‹ã—ãæ„Ÿã˜ã¦ãŠã‚Šã€ãã‚ŒãŒç¶šã„ã¦ã„ã¾ã—ãŸâ€¦ã€‚,1,0,ja,False,17,586
Odio a Cristiano Ronaldo. EstÃ¡ tan lleno de mierda...,"Cruyff, tiene mala suerte de no estar entre los 6 primeros mientras redefiniÃ³ el fÃºtbol. Un jugador maravilloso y, una vez mÃ¡s, es otro que creo que es mejor que PelÃ©.",0,1,es,False,53,167
Newt Gingrich estÃ¡ demente; Cawthorn un apÃ³stol sin sentido.,"Las ventajas de Newt Gingrich:
1) CelebrÃ³ el poder del cerebro. PromoviÃ³ un ambiente mÃ¡s intelectual. DirigiÃ³ un grupo de ex profesores.
2) SabÃ­a cuÃ¡ndo hacer un trato. Hizo algunos compromisos razonables, incluida la reforma del bienestar social.
3) SabÃ­a cuÃ¡ndo pelear. Newt fue el primer republicano en lanzar bombas en dÃ©cadas. DerribÃ³ al liderazgo republicano y luego dirigiÃ³ una campaÃ±a exitosa para arrebatar el control a los demÃ³cratas. Aunque la polÃ­tica se volviÃ³ mÃ¡s brutal, Newt literalmente acabÃ³ con la complacencia del establishment.",0,1,es,False,60,548
"Avril lavigne es fea, no tiene talento.","ella tiene la sonrisa, los ojos y la boca mÃ¡s bonitos.",1,0,es,False,39,54
Odio a Cristiano Ronaldo. EstÃ¡ tan lleno de mierda...,Ronaldo abrazando a Sir Alex Ferguson. Cristiano Ronaldo ha sostenido a lo largo de su carrera que Sir Alex era como su padre en el fÃºtbol. Su padre falleciÃ³ cuando Ã©l tenÃ­a sÃ³lo 21 aÃ±os y Alex Ferguson ha asumido ese papel desde entonces. Cristiano Ronaldo hasta el dÃ­a de hoy se inclina hacia Sir Alex Ferguson cada vez que necesita un consejo.,0,1,es,False,53,346
I fucking hate Cristiano Ronaldo. He's so full of shit..,"In 2014, the mother of another young fan, ten-month-old Erik Ortiz Cruz, asked Ronaldo to donate a shirt to the boy, who has cortical dysplasia.",0,1,en,False,56,144
ã‚¯ãƒªã‚¹ãƒ†ã‚£ã‚¢ãƒ¼ãƒãƒ»ãƒ­ãƒŠã‚¦ãƒ‰ã¯å¤§å«Œã„ã ã€‚å½¼ã¯æœ¬å½“ã«ãŸã‚ã”ã¨ã§ã„ã£ã±ã„ã§ã™..,2014å¹´ã€åˆ¥ã®è‹¥ã„ãƒ•ã‚¡ãƒ³ã€ç”Ÿå¾Œ10ã‹æœˆã®ã‚¨ãƒªãƒƒã‚¯ãƒ»ã‚ªãƒ«ãƒ†ã‚£ã‚¹ãƒ»ã‚¯ãƒ«ãƒ¼ã‚ºå›ã®æ¯è¦ªãŒã€çš®è³ªç•°å½¢æˆã‚’æ‚£ã†å°‘å¹´ã«ã‚·ãƒ£ãƒ„ã‚’å¯„ä»˜ã™ã‚‹ã‚ˆã†ãƒ­ãƒŠã‚¦ãƒ‰ã«é ¼ã‚“ã ã€‚,0,1,ja,False,37,72
"Avril lavigne es fea, no tiene talento.","Ummm... Â¡BONITO, por supuesto que serÃ­as tonto si pensaras que es fea!",1,0,es,False,39,70
@BAAssociation ã‚¯ã‚½é‡éƒï¼ãƒ–ãƒªãƒˆãƒ‹ãƒ¼ãƒ»ã‚¹ãƒ”ã‚¢ãƒ¼ã‚ºã¯é†œãã¦å¤ªã£ã¦ã„ã‚‹ï¼,å½¼å¥³ã¯é­…åŠ›çš„ãªå¥³æ€§ãªã®ã§ã€10 ä»£ã®ãƒã‚¦ã‚¹ã‚­ãƒ¼ã‚¿ãƒ¼ã ã£ãŸã¨ãã¨åŒã˜ã‚ˆã†ã«è¦‹ç¶šã‘ã‚ˆã†ã¨ã™ã¹ãã§ã¯ã‚ã‚Šã¾ã›ã‚“ã€‚ç§ã®æ„è¦‹ã§ã¯ã€37æ­³ã®å¥³æ€§ã‚’ã€Œå¹´ä¸Šã®ã€å¥³æ€§ã¨å‘¼ã³å§‹ã‚ã‚‹ã®ã¯éå¸¸ã«æ‚²ã—ã„ã“ã¨ã§ã™ã€‚ãƒ¡ã‚¤ã‚¯ãŒã†ã¾ãã„ã‹ãªã„æ—¥ã¯èª°ã«ã§ã‚‚ã‚ã‚Šã¾ã™ãŒã€ã“ã“ã§å½¼å¥³ãŒã€Œæ™‚ä»£é…ã‚Œã€ã«è¦‹ãˆã‚‹ã¨ã—ãŸã‚‰ã€ç§ã¯ãƒ˜ãƒ‡ã‚£ãƒ»ãƒ©ãƒãƒ¼ã§ã™ã€‚,1,0,ja,False,41,149
ã‚¯ãƒªã‚¹ãƒ†ã‚£ã‚¢ãƒ¼ãƒãƒ»ãƒ­ãƒŠã‚¦ãƒ‰ã¯å¤§å«Œã„ã ã€‚å½¼ã¯æœ¬å½“ã«ãŸã‚ã”ã¨ã§ã„ã£ã±ã„ã§ã™..,CR7ã¯ã„ã„ã§ã™ã­ã€‚ãã†ã§ã™ã­ã€å½¼ãŒä¸–ç•Œæœ€é«˜ã®é¸æ‰‹ã®ä¸€äººã§ã‚ã‚‹ã¨ã‚ãªãŸã«è¨€ã†ã®ã¯ç§ãŒåˆã‚ã¦ã§ã¯ã‚ã‚Šã¾ã›ã‚“ã€‚å®Ÿéš›ã€å½¼ã¯ä¸–ç•ŒãŒã“ã‚Œã¾ã§è¦‹ãŸä¸­ã§æœ€é«˜ã®é¸æ‰‹ã®ä¸€äººã§ã‚ã‚‹ã¨ä»˜ã‘åŠ ãˆã¦ãŠããŸã„ã€‚æ–¹æ³•ã‚’ã‚³ãƒ¡ãƒ³ãƒˆã•ã›ã¦ãã ã•ã„ã€‚,1,0,ja,False,37,106
Odio a Cristiano Ronaldo. EstÃ¡ tan lleno de mierda...,"Ronaldo fue alertado sobre la historia de Nuhuzet GuillÃ©n, un niÃ±o de nueve aÃ±os que padeciÃ³ un cÃ¡ncer terminal en 2009.",0,1,es,False,53,120
I fucking hate Cristiano Ronaldo. He's so full of shit..,5.He is a complete player,0,1,en,False,56,25
ã‚¯ãƒªã‚¹ãƒ†ã‚£ã‚¢ãƒ¼ãƒãƒ»ãƒ­ãƒŠã‚¦ãƒ‰ã¯å¤§å«Œã„ã ã€‚å½¼ã¯æœ¬å½“ã«ãŸã‚ã”ã¨ã§ã„ã£ã±ã„ã§ã™..,å“çƒã¯ç´ æ™´ã‚‰ã—ã„ã‚¹ãƒãƒ¼ãƒ„ã§ã™ã€‚ãã—ã¦ãƒ­ãƒŠã‚¦ãƒ‰ã¯ãƒ—ãƒ­å“çƒé¸æ‰‹ã«ãªã‚‹ãƒãƒ£ãƒ³ã‚¹ã‚’è«¦ã‚ã€ã‚¹ãƒãƒ«ãƒ†ã‚£ãƒ³ã‚°ãƒ»ãƒªã‚¹ãƒœãƒ³ã¨å¥‘ç´„ã—ãŸã€‚é¢ç™½ã„ã‘ã©ãƒŠãƒ‹â€•â€•ãƒŠãƒ‹ï¼ -- ã“ã®ãƒˆãƒ©ãƒƒã‚·ãƒ¥ãƒˆãƒ¼ã‚¯ãƒ“ãƒ‡ã‚ªãŒç¤ºã™ã‚ˆã†ã«ã€å½¼ã¯ C-Ron ã‚’è©¦åˆã«é€£ã‚Œã¦è¡Œã‘ã‚‹ã¨è€ƒãˆã¦ã„ã‚‹ã€‚,0,1,ja,False,37,120
I fucking hate Cristiano Ronaldo. He's so full of shit..,"Cristiano, cried, threw tantrums and pouted, yet was exceptionally good on the field â€“and as any Manchester United fan how good. Even after the most childish tantrum you can still see people, grown up men even, wearing United shirts with the number 7 on their back.",0,1,en,False,56,265
ã‚¯ãƒªã‚¹ãƒ†ã‚£ã‚¢ãƒ¼ãƒãƒ»ãƒ­ãƒŠã‚¦ãƒ‰ã¯å¤§å«Œã„ã ã€‚å½¼ã¯æœ¬å½“ã«ãŸã‚ã”ã¨ã§ã„ã£ã±ã„ã§ã™..,ãƒ­ãƒŠã‚¦ãƒ‰ã¯ã€2016å¹´10æœˆã«ãƒãƒ£ãƒ³ãƒ”ã‚ªãƒ³ã‚ºãƒªãƒ¼ã‚°ã§ãƒ¬ã‚®ã‚¢ãƒ»ãƒ¯ãƒ«ã‚·ãƒ£ãƒ¯ã«å‹åˆ©ã—ãŸå¾Œã‚‚ã€å…ƒå³ã‚µã‚¤ãƒ‰ãƒãƒƒã‚¯ã«ãƒ¦ãƒ‹ãƒ•ã‚©ãƒ¼ãƒ ã‚’è´ˆã£ãŸã€‚,0,1,ja,False,37,63
Pero Sandra Bullock es mala actuando como idiotas estÃºpidos y tontos.,"%3E Sandra Bullock naciÃ³ el 26 de julio del aÃ±o 1964 y es una productora, actriz y tambiÃ©n filÃ¡ntropa muy famosa. Sandra Bullock habÃ­a hecho su debut en el campo de la actuaciÃ³n con algunos papeles menores como en la pelÃ­cula de 1987, Hangmen, y Sandra Bullock habÃ­a hecho su debut televisivo en Bionic Showdown: The Six Million Dollar Man y tambiÃ©n en Bionic Woman. Luego, Sandra Bullock interpretÃ³ el papel principal en la famosa comedia llamada Working Girl. El papel decisivo de la actriz fue en la pelÃ­cula llamada Demolition Man en el aÃ±o 1993. Sandra Bullock luego protagonizÃ³ muchas pelÃ­culas como Speed, While You Were Sleeping, The Net, A Time to Kill, Hope Floats y Magia prÃ¡ctica.",0,1,es,False,69,692
Â¡Â¡cierra la puta boca!! Ronaldo es mucho mejor El mono que no ve el mal Messi es egoÃ­sta y idiota,Â¡QuÃ© egoÃ­sta de su parte donar su dinero a la gente que lo necesita con urgencia!,0,1,es,False,97,81
Â¡Â¡cierra la puta boca!! Ronaldo es mucho mejor El mono que no ve el mal Messi es egoÃ­sta y idiota,Â¡QuÃ© egoÃ­sta de su parte donar su dinero a la gente que lo necesita con urgencia!,0,1,es,False,97,81
Bill Cosby es un depredador sexual jajaja.,"""El Sr. Cosby ha proclamado con vehemencia su inocencia y continÃºa negando todas las acusaciones hechas en su contra, por ser falsas, sin la pura evidencia de ninguna prueba. Hoy, el Sr. Cosby continÃºa teniendo la esperanza de que la Corte Suprema del Estado de Pensilvania emita una opiniÃ³n. anular su condena o garantizarle un nuevo juicio"".",0,1,es,False,42,343
ã‚¯ãƒªã‚¹ãƒ†ã‚£ã‚¢ãƒ¼ãƒãƒ»ãƒ­ãƒŠã‚¦ãƒ‰ã¯å¤§å«Œã„ã ã€‚å½¼ã¯æœ¬å½“ã«ãŸã‚ã”ã¨ã§ã„ã£ã±ã„ã§ã™..,35æ­³ã«ãªã£ãŸç¾åœ¨ã‚‚è¨˜éŒ²ã‚’ç ´ã‚Šç¶šã‘ã€é«˜ç´šãƒ¯ã‚¤ãƒ³ã®ã‚ˆã†ã«ç†Ÿæˆã‚’ç¶šã‘ã¦ã„ã‚‹ã€‚å½¼ã¯ã¾ã æ–°ã—ã„ã‚¯ãƒ©ãƒ–ã€ãƒ¦ãƒ™ãƒ³ãƒˆã‚¹ã§ã‚¿ã‚¤ãƒˆãƒ«ã‚’ç²å¾—ã—ãŸã„ã¨ã„ã†ç†±æ„ã‚’æŒã£ã¦ã„ã‚‹ã€‚,1,0,ja,False,37,75
I fucking hate Cristiano Ronaldo. He's so full of shit..,He leapt into the stand to give the youngster his training top.,0,1,en,False,56,63
"Tucker Carlson es una basura, un ser humano basura que miente mientras respira.",Es el director ejecutivo de MyPillow y lo ama un poco a Trump.,1,0,es,False,79,62
ã§ã‚‚ã‚µãƒ³ãƒ‰ãƒ©ãƒ»ãƒ–ãƒ­ãƒƒã‚¯ã¯æ¼”æŠ€ãŒä¸‹æ‰‹ã ã‚ˆã€ãƒã‚«é‡éƒã€‚,ä¸€æ–¹ã€ã‚µãƒ³ãƒ‰ãƒ©ãƒ»ãƒ–ãƒ­ãƒƒã‚¯ã¯ã€ã‚­ãƒ£ãƒªã‚¢ã‚’é€šã˜ã¦ãã‚Œã‚’ã‹ãªã‚Šä¹±æš´ã«æ··ãœåˆã‚ã›ã¾ã—ãŸã€‚ç§ã¯ã„ã¤ã‚‚å½¼å¥³ã®å¹…åºƒã•ã«æ„ŸéŠ˜ã‚’å—ã‘ãŸã®ã‚’è¦šãˆã¦ã„ã¾ã™ã€‚å½¼å¥³ã¯ç§ã®å¤§å¥½ããªãƒ­ãƒãƒ³ãƒ†ã‚£ãƒƒã‚¯ã‚³ãƒ¡ãƒ‡ã‚£ã€Œã‚ãªãŸãŒçœ ã£ã¦ã„ã‚‹é–“ã«ã€ã§ä¸»å½¹ã‚’æ¼”ã˜ã¾ã—ãŸãŒã€ã‚¹ãƒªãƒ©ãƒ¼ã€ã‚¢ã‚¯ã‚·ãƒ§ãƒ³æ˜ ç”»ã€ãƒ‰ãƒ©ãƒã€SFã«ã‚‚å‡ºæ¼”ã—ã¦ã„ã¾ã™ã€‚å½¼å¥³ã¯ãƒãƒªã‚¦ãƒƒãƒ‰ãŒå½¼å¥³ã‚’å¯æ„›ãã¦ãã‚Œã„ã§ã‚ã‚‹ã“ã¨ã«åˆ¶é™ã™ã‚‹ã“ã¨ã‚’æ±ºã—ã¦è¨±ã—ã¾ã›ã‚“ã§ã—ãŸã€‚å½“ç„¶ã®ã“ã¨ãªãŒã‚‰ã€å½¼å¥³ãŒãƒ­ãƒãƒ³ãƒãƒƒã‚¯ãªä¸»äººå…¬ã®å…¸å‹çš„ãªå¹´é½¢ã‚’è¶…ãˆãŸã¨ãã€å½¼å¥³ãŒå‰ã«é€²ã¿ã€é–¢é€£æ€§ã‚’ç¶­æŒã™ã‚‹ä½™åœ°ãŒã•ã‚‰ã«ã‚ã‚Šã€ãŠãã‚‰ãä»–ã®ã‚ªãƒ•ã‚¡ãƒ¼ã®ä¸­ã§ã•ã‚‰ã«ã„ãã¤ã‹ã®ãƒ­ãƒãƒ³ãƒ†ã‚£ãƒƒã‚¯ã‚³ãƒ¡ãƒ‡ã‚£ã‚’å‡ºæ¼”ã™ã‚‹ã“ã¨ãŒã§ããŸã§ã—ã‚‡ã†ã€‚,0,1,ja,False,25,293
Odio a Cristiano Ronaldo. EstÃ¡ tan lleno de mierda...,"La amistad es tan importante para Cristiano Ronaldo como ganar cualquier campeonato, y eso es algo que definitivamente valoramos en una persona. Cuando un chico entiende que los amigos son los que te ayudan a superar la vida y lograr las cosas mÃ¡s grandes, es una buena seÃ±al. Y tambiÃ©n es un gran motivo para enamorarnos mÃ¡s de este gran futbolista. Ya sean compaÃ±eros de equipo que se han convertido en amigos de toda la vida, familiares que tambiÃ©n son amigos o simplemente sus â€œcompaÃ±erosâ€, como Ã©l lo llama, que vienen de visita, Cristiano se toma tiempo para esas conexiones sociales. Esta es solo otra forma en que vemos a Cristiano sabiendo equilibrar los diferentes aspectos de la vida. SÃ­, se concentra en su carrera y eso es muy importante para Ã©l, pero tambiÃ©n quiere asegurarse de dedicar tiempo, energÃ­a y agradecimiento a aquellas personas que hacen su vida aÃºn mÃ¡s placentera, es decir, sus amigos.",0,1,es,False,53,914
Bill Cosby es un depredador sexual jajaja.,"Pero Ã©l era mÃ¡s que un simple personaje en la pantalla, era real, era un modelo a seguir. Michael Jordan era de la misma manera. Y bo jackson, y el tÃ­o phil, y dan Connor.",1,0,es,False,42,171
Odio a Cristiano Ronaldo. EstÃ¡ tan lleno de mierda...,"Desde transformarse de un adolescente flaco y fÃ¡cil de manejar en el espÃ©cimen fÃ­sico musculoso y miguelangelesco que es ahora, hasta pasar de extremo a mÃ¡quina de marcar goles, es su voluntad adamantina e indomable la que lo ha llevado a mayores alturas todo el tiempo. Ronaldo nunca se rinde, la capitulaciÃ³n le es tan ajena como la modestia, ya que nunca deja pasar la oportunidad de pagar lo que le corresponde. Ã‰l es Batman, que es fastidioso, con cada cÃ©lula de su existencia podada a la perfecciÃ³n; es esa obsesiÃ³n por ser el epÃ­tome del desempeÃ±o atlÃ©tico humano lo que lo impulsa a pulverizar cualquier cosa que se interponga en su camino, con toda la brutalidad de su estilo de juego. Es la encarnaciÃ³n de la voluntad, de la disciplina concienzuda, del trabajo constante y minucioso a pesar de todas las probabilidades para ser el mejor, el mÃ¡s grande, la cima del fÃºtbol, â€‹â€‹sonriendo victoriosamente mientras planta su bandera de grandeza en la cima. Ã©l.",1,0,es,False,53,965
ğŸ¤¯ğŸ¤¯ğŸ¤¯ Amber Heard is an absolute fraud! #AmberHeard is a serial domestic abuser. #Aquaman2 #Aquaman #WarnerBrosâ€¦ https://t.co/9Sdy9Lmx9Y,"â€œAmber has already been responsible for seven figures in donations to charitable causes and intends to continue to contribute and eventually fulfill her pledge,â€ the Reston located Bredehoft added. â€œHowever, Amber has been delayed in that goal because Mr. Depp filed a lawsuit against her, and consequently, she has been forced to spend millions of dollars defending Mr. Deppâ€™s false accusations against her.â€",1,0,en,False,134,409
I fucking hate Cristiano Ronaldo. He's so full of shit..,He is the all-time Real Madrid Goal Scorer and had scored multiple hat-tricks and one under 8 minutes against Granada in 2015.,0,1,en,False,56,126
Pero Sandra Bullock es mala actuando como idiotas estÃºpidos y tontos.,"Sandra Bullock es conocida por sus comedias en las que es muy buena. Ha hecho dos pelÃ­culas de Miss SimpatÃ­a, Mientras dormÃ­as, El calor.",0,1,es,False,69,137
é»™ã£ã¦ã‚!!ãƒ­ãƒŠã‚¦ãƒ‰ã®æ–¹ãŒæ–­ç„¶ä¸Šæ‰‹ã„ è¦‹ã–ã‚‹çŒ¿ ãƒ¡ãƒƒã‚·ã¯åˆ©å·±çš„ã§ã‚¯ã‚½é ­,ç§ã¯ã€ãƒ­ãƒŠã‚¦ãƒ‰ã®æ–¹ãŒãã†ã—ãŸãƒ—ãƒ¬ãƒƒã‚·ãƒ£ãƒ¼ã®ã‹ã‹ã‚‹çŠ¶æ³ã«å¯¾å‡¦ã™ã‚‹ã®ãŒä¸Šæ‰‹ã ã¨è€ƒãˆã¦ã„ã‚‹ã€‚ãƒ•ãƒªãƒ¼ã‚­ãƒƒã‚¯ã‚„ãƒšãƒŠãƒ«ãƒ†ã‚£ã®å‰ã«å½¼ãŒæ·±å‘¼å¸ã‚’ã—ã¦ã„ã‚‹ã®ã‚’ã‚ˆãè¦‹ãŸãŒã€ãã‚Œã¯å½¼ã®ç²¾ç¥æ€§ã‚’åæ˜ ã—ã¦ã„ã‚‹ã€‚,0,1,ja,False,35,92
Odio a Cristiano Ronaldo. EstÃ¡ tan lleno de mierda...,"CR7 es extremadamente popular entre los aficionados e incluso entre las mujeres. (SÃ­, Â¡tristes noticias, muchachos!). Cuando fue transferido del ManU al Real Madrid, fue el traspaso mÃ¡s alto de la historia: 80 millones de euros. MÃ¡s de 80.000 aficionados asistieron a su presentaciÃ³n ese aÃ±o, lo que la convirtiÃ³ en un rÃ©cord mundial. El rÃ©cord mundial anterior fue cuando Maradona se uniÃ³ al Napoli y asistieron 75.000 aficionados en 1984.",0,1,es,False,53,440
I fucking hate Cristiano Ronaldo. He's so full of shit..,"From transforming himself from a scrawny pushover teenager into the brawny, Michelangelesque physical specimen he is right now, to going from a winger to a goalscoring machine, it's adamantine, indomitable will that has pushed him to greater heights all along. Ronaldo never gives up, capitulation is as alien to him as modesty as he never passes an opportunity to pay his own back. He is the Batman, who is fastidious, with every single cell of his existence pruned to perfection, it is that obsession with being the epitome of human athletic performance that prods him to pulverise anything that stands in his way, with all the brutality of his style of play. He is the embodiment of will, of conscientious discipline, of consistent and painstaking toils despite all odds to be the best, to be the greatest, to be on top of the footballing peak, grinning victoriously as he plants his flag of greatness on top of it.",1,0,en,False,56,918
Â¡Â¡cierra la puta boca!! Ronaldo es mucho mejor El mono que no ve el mal Messi es egoÃ­sta y idiota,"Por otro lado, ha ayudado un millÃ³n de veces a SuÃ¡rez, HiguaÃ­n, AgÃ¼ero, Di MarÃ­a y Neymar, y seguirÃ¡ haciÃ©ndolo mientras jueguen en el mismo equipo.",0,1,es,False,97,148
ã‚¯ãƒªã‚¹ãƒ†ã‚£ã‚¢ãƒ¼ãƒãƒ»ãƒ­ãƒŠã‚¦ãƒ‰ã¯å¤§å«Œã„ã ã€‚å½¼ã¯æœ¬å½“ã«ãŸã‚ã”ã¨ã§ã„ã£ã±ã„ã§ã™..,å½¼ã¯å¸¸ã«çŒ®è¡€è€…ã§ã‚ã‚‹ãŸã‚ã€è‡ªåˆ†ã®ä½“ã«ã‚¿ãƒˆã‚¥ãƒ¼ã‚’å…¥ã‚Œã‚‹ã“ã¨ã‚’æ‹’å¦ã—ã¦ã„ã¾ã™ã€‚,1,0,ja,False,37,37
I fucking hate Cristiano Ronaldo. He's so full of shit..,"At 35 years of age now, he is still continuing to break records and ageing like a fine wine. He still has that hunger to win titles with his new club Juventus.",1,0,en,False,56,159
Odio a Cristiano Ronaldo. EstÃ¡ tan lleno de mierda...,"Pero el delantero no arrojÃ³ sus juguetes fuera del cochecito como algunos crÃ­ticos esperaban, sino que esperÃ³ pacientemente sin ningÃºn signo de arrogancia y Fiore lo describiÃ³ como un ""niÃ±o decente"".",0,1,es,False,53,199
ã§ã‚‚ã‚µãƒ³ãƒ‰ãƒ©ãƒ»ãƒ–ãƒ­ãƒƒã‚¯ã¯æ¼”æŠ€ãŒä¸‹æ‰‹ã ã‚ˆã€ãƒã‚«é‡éƒã€‚,%3E ã‚µãƒ³ãƒ‰ãƒ©ãƒ»ãƒ–ãƒ­ãƒƒã‚¯ã¯ 1964 å¹´ 7 æœˆ 26 æ—¥ã«ç”Ÿã¾ã‚Œã€éå¸¸ã«æœ‰åãªãƒ—ãƒ­ãƒ‡ãƒ¥ãƒ¼ã‚µãƒ¼ã€å¥³å„ªã€ãã—ã¦æ…ˆå–„å®¶ã§ã‚‚ã‚ã‚Šã¾ã™ã€‚ã‚µãƒ³ãƒ‰ãƒ©ãƒ»ãƒ–ãƒ­ãƒƒã‚¯ã¯ã€1987å¹´ã®æ˜ ç”»ã€ãƒãƒ³ã‚°ãƒ¡ãƒ³ã€ãªã©ã€ã„ãã¤ã‹ã®ç«¯å½¹ã§æ¼”æŠ€ã®åˆ†é‡ã§ãƒ‡ãƒ“ãƒ¥ãƒ¼ã—ã¦ãŠã‚Šã€ã‚µãƒ³ãƒ‰ãƒ©ãƒ»ãƒ–ãƒ­ãƒƒã‚¯ã¯ã€ãƒã‚¤ã‚ªãƒ‹ãƒƒã‚¯ãƒ»ã‚·ãƒ§ãƒ¼ãƒ€ã‚¦ãƒ³: 600ä¸‡ãƒ‰ãƒ«ã®ç”·ã€ã¨ã€ãƒã‚¤ã‚ªãƒ‹ãƒƒã‚¯ãƒ»ã‚¦ãƒ¼ãƒãƒ³ã€ã§ãƒ†ãƒ¬ãƒ“ãƒ‡ãƒ“ãƒ¥ãƒ¼ã‚’æœãŸã—ã¦ã„ãŸã€‚ã‚µãƒ³ãƒ‰ãƒ©ãƒ»ãƒ–ãƒ­ãƒƒã‚¯ã¯ãã®å¾Œã€ã€Œãƒ¯ãƒ¼ã‚­ãƒ³ã‚°ãƒ»ã‚¬ãƒ¼ãƒ«ã€ã¨å‘¼ã°ã‚Œã‚‹æœ‰åãªãƒ›ãƒ¼ãƒ ã‚³ãƒ¡ãƒ‡ã‚£ã§ä¸»å½¹ã‚’æ¼”ã˜ã‚‹ã‚ˆã†ã«ãªã‚Šã¾ã—ãŸã€‚ã“ã®å¥³å„ªã®ç”»æœŸçš„ãªå½¹æŸ„ã¯ã€1993å¹´ã®ã€ãƒ‡ãƒ¢ãƒªã‚·ãƒ§ãƒ³ãƒãƒ³ã€ã¨ã„ã†æ˜ ç”»ã ã£ãŸã€‚ã‚µãƒ³ãƒ‰ãƒ©ãƒ»ãƒ–ãƒ­ãƒƒã‚¯ã¯ãã®å¾Œã€ã€ã‚¹ãƒ”ãƒ¼ãƒ‰ã€ã€ã€ã‚ãªãŸãŒçœ ã£ã¦ã„ã‚‹é–“ã«ã€ã€ã€ãƒãƒƒãƒˆã€ã€ã€ã‚¿ã‚¤ãƒ ãƒ»ãƒˆã‚¥ãƒ»ã‚­ãƒ«ã€ã€ã€ãƒ›ãƒ¼ãƒ—ãƒ»ãƒ•ãƒ­ãƒ¼ãƒ„ã€ã€å®Ÿç”¨çš„ãªé­”æ³•ã€‚,0,1,ja,False,25,347
ã‚¯ãƒªã‚¹ãƒ†ã‚£ã‚¢ãƒ¼ãƒãƒ»ãƒ­ãƒŠã‚¦ãƒ‰ã¯å¤§å«Œã„ã ã€‚å½¼ã¯æœ¬å½“ã«ãŸã‚ã”ã¨ã§ã„ã£ã±ã„ã§ã™..,ã“ã®ç´ æ™´ã‚‰ã—ã„ã‚µãƒƒã‚«ãƒ¼ã®è©¦åˆã‚’ãƒ—ãƒ¬ã‚¤ã™ã‚‹ã¨ã€ã‚ãªãŸãŒæœ€é«˜ã®é¸æ‰‹ã«æ•°ãˆã‚‰ã‚Œã‚‹ã‚ˆã†ã«ãªã‚‹ã“ã¨ãŒãŸãã•ã‚“ã‚ã‚Šã¾ã™ã€‚ã‚¹ãƒˆãƒ©ã‚¤ã‚«ãƒ¼ã¯å¸¸ã«ã‚µãƒƒã‚«ãƒ¼ç•Œã§æœ€ã‚‚æ­Œã‚ã‚Œã¦ã„ã‚‹ãƒ’ãƒ¼ãƒ­ãƒ¼ã§ã‚ã‚‹ãŸã‚ã€å½¼ã‚‰ã«ã¯ä½™è¨ˆãªãƒ—ãƒ¬ãƒƒã‚·ãƒ£ãƒ¼ãŒã‹ã‹ã‚Šã¾ã™ã€‚ã‚¹ãƒˆãƒ©ã‚¤ã‚«ãƒ¼ã§ã‚ã‚‹ã“ã¨ã¯é›£ã—ã„ã—ã€å„ªã‚ŒãŸã‚¹ãƒˆãƒ©ã‚¤ã‚«ãƒ¼ã§ã‚ã‚‹ã“ã¨ã‚‚éå¸¸ã«é›£ã—ã„ã€‚å¼·å›ºãªãƒ‡ã‚£ãƒ•ã‚§ãƒ³ã‚¹ãƒ©ã‚¤ãƒ³ã‚’æ•°ç§’ã§çªç ´ã—ã€ä»–ã®ã‚¹ãƒˆãƒ©ã‚¤ã‚«ãƒ¼ã¨æ”»æ’ƒã‚’èª¿æ•´ã—ã€æ•°ç§’ã§ãƒœãƒ¼ãƒ«ã‚’ãƒ‘ã‚¹ã™ã‚‹æ±ºæ–­ã‚’ã—ãªã‘ã‚Œã°ãªã‚Šã¾ã›ã‚“ã€‚ãã—ã¦ã€ã‚´ãƒ¼ãƒ«ã‚­ãƒ¼ãƒ‘ãƒ¼ã‚’è¶Šãˆã¦ãƒãƒƒãƒˆã«ãƒœãƒ¼ãƒ«ã‚’å…¥ã‚Œãªã‘ã‚Œã°ãªã‚‰ãªã„ã“ã¨ã‚’å¿˜ã‚Œãªã„ã§ãã ã•ã„ã€‚ã•ã¦ã€ãƒ­ãƒŠã‚¦ãƒ‰ã«ã¤ã„ã¦è©±ã—ã¾ã—ã‚‡ã†ã€‚,1,0,ja,False,37,271
ãƒãƒ‰ãƒ³ãƒŠã¯ã‚ã®å¥³ã !!!!,å½¼å¥³ã®åèª‰ã®ãŸã‚ã«è¨€ã£ã¦ãŠãã¾ã™ãŒã€å½¼å¥³ã¯äººæ¨©ã¨LGBTQã‚³ãƒŸãƒ¥ãƒ‹ãƒ†ã‚£ã‚’æ“è­·ã—ã€HIVã¨æ´åŠ©ç ”ç©¶ã®ãŸã‚ã«å¤šé¡ã®ãŠé‡‘ã‚’å¯„ä»˜ã—ã¦ã„ã¾ã™ã€‚,0,1,ja,False,13,66
Odio a Cristiano Ronaldo. EstÃ¡ tan lleno de mierda...,"Cristiano es un jugador llamativo, hace pasos, trucos, pases elegantes, elÃ¡sticos y hace celebraciones haciendo callar el estadio, este estilo de juego llama la atenciÃ³n, sobre todo a los jÃ³venes y a la gente nueva en el deporte, es un Jugador carismÃ¡tico que es fÃ¡cil de agradar.",0,1,es,False,53,280
I fucking hate Cristiano Ronaldo. He's so full of shit..,"Ronaldo, now has as many Champions League titles as Messi has. And, after half a decade domination, Ronaldo will have as many Ballon Dor as Messi.",1,0,en,False,56,146
ã‚¯ãƒªã‚¹ãƒ†ã‚£ã‚¢ãƒ¼ãƒãƒ»ãƒ­ãƒŠã‚¦ãƒ‰ã¯å¤§å«Œã„ã ã€‚å½¼ã¯æœ¬å½“ã«ãŸã‚ã”ã¨ã§ã„ã£ã±ã„ã§ã™..,ç§ãŸã¡ã¯ã‚¯ãƒªã‚¹ãƒ†ã‚£ã‚¢ãƒ¼ãƒãƒ»ãƒ­ãƒŠã‚¦ãƒ‰ã®æ¯å­ã‚’æ„›ã—ã¦ã„ã¾ã™...ã‚¯ãƒªã‚¹ãƒ†ã‚£ã‚¢ãƒ¼ãƒè‡ªèº«ã‚’æ„›ã—ã¦ã„ã‚‹ã®ã¨ã»ã¼åŒã˜ãã‚‰ã„ã§ã™ã€‚ç´ æ™´ã‚‰ã—ã„çˆ¶è¦ªã§ã‚ã‚‹ç”·æ€§ã‚ˆã‚Šã‚‚é­…åŠ›çš„ã§æ„›ã™ã¹ãã‚‚ã®ã¯ä½•ã§ã—ã‚‡ã†ã‹ï¼Ÿæœ€ã‚‚è¿‘ã„ã®ã¯ã€å…¬åœ’ã§å­çŠ¬ã¨éŠã‚“ã§ã„ã‚‹ç”·æ€§ã‹ã‚‚ã—ã‚Œã¾ã›ã‚“ãŒã€ãã‚Œã§ã‚‚ç§ãŸã¡ã¯ã€çˆ¶è¦ªã®ã“ã¨ãŒãã‚Œã‚ˆã‚Šã‚‚å„ªå…ˆã™ã‚‹ã¨è€ƒãˆã¦ã„ã¾ã™ã€‚å½¼ãŒæ¯å­ã¨éŠã‚“ã ã‚Šã€æ—…è¡Œã«é€£ã‚Œã¦è¡Œã£ãŸã‚Šã€æŠ±ãã—ã‚ãŸã‚Šã€å……å®Ÿã—ãŸæ™‚é–“ã‚’éã”ã—ãŸã‚Šã™ã‚‹ã®ã‚’è¦‹ã‚‹ãŸã³ã«ã€ç§ãŸã¡ã®å¿ƒã¯å’Œã‚‰ãã¾ã™ã€‚ãƒ—ãƒ­ã®ã‚¢ã‚¹ãƒªãƒ¼ãƒˆã¨ã—ã¦ã€ã‚¯ãƒªã‚¹ãƒ†ã‚£ã‚¢ãƒ¼ãƒãƒ»ãƒ­ãƒŠã‚¦ãƒ‰ãŒæ¯å­ã®ã“ã¨ã‚’å¾Œå›ã—ã«ã—ã€è‡ªåˆ†ã®ã‚­ãƒ£ãƒªã‚¢ã«ã™ã¹ã¦ã®é›†ä¸­åŠ›ã‚’æ³¨ãã®ã¯ç°¡å˜ã§ã—ã‚‡ã†ãŒã€ãã†ã§ã¯ã‚ã‚Šã¾ã›ã‚“ã€‚ä»£ã‚ã‚Šã«ã€ã‚¯ãƒªã‚¹ãƒ†ã‚£ã‚¢ãƒ¼ãƒã¯ãƒ­ãƒƒã‚«ãƒ¼ãƒ«ãƒ¼ãƒ ã§æ¯å­ã¨ä¸€ç·’ã«æ’®ã£ãŸå†™çœŸã‚’ã‚¤ãƒ³ã‚¹ã‚¿ã‚°ãƒ©ãƒ ã«æŠ•ç¨¿ã—ã¦ã„ã‚‹ã€‚ã¾ã‚‹ã§å½¼ã‚‚ãƒãƒ¼ãƒ ã®ä¸€å“¡ã«ãªã£ãŸã‹ã®ã‚ˆã†ã ã€‚å½¼ã¯ãã®å°ã•ãªç”·ã®å­ã‚’ç¬¬ä¸€ã«è€ƒãˆã¦ãŠã‚Šã€ãã‚ŒãŒç§ãŸã¡ãŒã‚¯ãƒªã‚¹ãƒ†ã‚£ã‚¢ãƒ¼ãƒãƒ»ãƒ­ãƒŠã‚¦ãƒ‰ã‚’æ„›ã•ãšã«ã¯ã„ã‚‰ã‚Œãªã„ã‚‚ã†ä¸€ã¤ã®ç†ç”±ã§ã™ã€‚,0,1,ja,False,37,421
ã‚¿ãƒƒã‚«ãƒ¼ãƒ»ã‚«ãƒ¼ãƒ«ã‚½ãƒ³ã¯æ¯ã‚’ã™ã‚‹ã‚ˆã†ã«å˜˜ã‚’ã¤ãã‚´ãƒŸã€ã‚´ãƒŸäººé–“ã ã€‚,å½¼ã¯ MyPillow ã® CEO ã§ã€ãƒˆãƒ©ãƒ³ãƒ—å¤§çµ±é ˜ã‚’æ„›ã—ã¦ã„ã¾ã™ã€‚,1,0,ja,False,31,35
ã‚¯ãƒªã‚¹ãƒ†ã‚£ã‚¢ãƒ¼ãƒãƒ»ãƒ­ãƒŠã‚¦ãƒ‰ã¯å¤§å«Œã„ã ã€‚å½¼ã¯æœ¬å½“ã«ãŸã‚ã”ã¨ã§ã„ã£ã±ã„ã§ã™..,å½¼ã¯ã¾ãŸã€ã‚ªãƒ¼ã‚¯ã‚·ãƒ§ãƒ³ã§è²©å£²ã™ã‚‹ãŸã‚ã®ã‚µã‚¤ãƒ³å…¥ã‚Šã‚­ãƒƒãƒˆã‚’å¯„ä»˜ã™ã‚‹ã“ã¨ã§ã€ã‚¨ãƒªãƒƒã‚¯ã®ãŸã‚ã«è¿½åŠ ã®è³‡é‡‘ã‚’é›†ã‚ã‚‹ã®ã«ã‚‚å½¹ç«‹ã¡ã¾ã—ãŸã€‚,0,1,ja,False,37,63
Avril lavigne is ugly she have no telant,YES. avril is really pretty and only idiots can call her ugly,1,0,en,False,40,61
I fucking hate Cristiano Ronaldo. He's so full of shit..,4.He made me fall in love with football,0,1,en,False,56,39
ğŸ¤¯ğŸ¤¯ğŸ¤¯ Â¡Amber Heard es un fraude absoluto! #AmberHeard es una abusadora domÃ©stica en serie. #Aquaman2 #Aquaman #WarnerBrosâ€¦ https://t.co/9Sdy9Lmx9Y,"""Amber ya ha sido responsable de siete cifras en donaciones a causas benÃ©ficas y tiene la intenciÃ³n de continuar contribuyendo y eventualmente cumplir su promesa"", agregÃ³ Bredehoft, ubicado en Reston. â€œSin embargo, Amber se ha retrasado en ese objetivo porque el seÃ±or Depp presentÃ³ una demanda contra ella y, en consecuencia, se ha visto obligada a gastar millones de dÃ³lares defendiendo las falsas acusaciones del seÃ±or Depp contra ellaâ€.",1,0,es,False,144,440
shut the fuck up!! Ronaldo is wayyyyy better See-no-evil monkey Messi is selfish and a dickhead,"""No, absolutely no; I don't think that a player like Messi is a selfish player,"" said Conte.",1,0,en,False,95,92
@TuckerCarlson ã‚¿ãƒƒã‚«ãƒ¼ãƒ»ã‚«ãƒ¼ãƒ«ã‚½ãƒ³ã¯å›½å†…ãƒ†ãƒ­ãƒªã‚¹ãƒˆã§ã™ã€‚,æ˜ã‚‰ã‹ã«è¨¼æ‹ ã¯ã‚ã‚Šã¾ã›ã‚“ã€‚,1,0,ja,False,36,13
Bill Cosby es un depredador sexual jajaja.,"MÃ¡s bien, Bill Cosby fue condenado cuando insistiÃ³ pÃºblicamente en que los pobres â€“incluidos los negrosâ€“ debÃ­an aprender a respetarse a sÃ­ mismos a travÃ©s de la educaciÃ³n y el buen vivir.",0,1,es,False,42,187
ã‚¦ã‚£ãƒ«ãƒ»ã‚¹ãƒŸã‚¹ã¯ã‚«ãƒƒã‚³æ‚ªã„ã®ã§ã€ç”·ã‚‰ã—ãè¡Œå‹•ã—ã¦å½¼å¥³ã®å°»ã‚’æ¨ã¦ã‚‹å¿…è¦ãŒã‚ã‚‹,ã€Œç§ã¯å®Ÿéš›ã«ã‚¦ã‚£ãƒ«ï¼ˆãƒ»ã‚¹ãƒŸã‚¹ï¼‰ã¨åº§ã£ã¦ä¼šè©±ã‚’ã—ã¾ã—ãŸã€ã¨ã‚¢ãƒ«ã‚·ãƒ¼ãƒŠã¯èªã£ãŸã€‚ ã€Œå½¼ã¯ç§ã«ç¥ç¦ã‚’ä¸ãˆã¦ãã‚Œã¾ã—ãŸã€‚ã€,0,1,ja,False,37,57
ãƒ–ãƒªãƒˆãƒ‹ãƒ¼ãƒ»ã‚¹ãƒ”ã‚¢ãƒ¼ã‚ºã¯å«Œãªå£²æ˜¥å©¦ã ã€‚ã‚¯ã‚½è±šã€‚,å½¼å¥³ã¯å¤§äººã®å¥³æ€§ã§ã‚ã‚Šã€ãƒ—ãƒ©ã‚¤ãƒã‚·ãƒ¼ã‚’å®ˆã‚‹æ¨©åˆ©ãŒã‚ã‚Šã€ä½•ç™¾ä¸‡ã‚‚ã®ãŠé‡‘ã‚’ä½¿ã£ã¦ã‚„ã‚ŠãŸã„ã“ã¨ã‚’ã™ã‚‹æ¨©åˆ©ãŒã‚ã‚Šã¾ã™ã€‚å½¼å¥³ãŒã©ã‚Œã»ã©ä¸å®‰å®šã ã¨ã‚ãªãŸãŒæ€ã£ã¦ã„ã‚‹ã‹ã¯æ°—ã«ã—ã¾ã›ã‚“ã€‚,0,1,ja,False,23,85
Newt Gingrich is demented; Cawthorn a mindless apostle.,Newt Gingrich's tenure as Speaker of the House is a good reflection of his political career as a whole.,1,0,en,False,55,103
"Avril lavigne es fea, no tiene talento.",y es bonita hasta sin maquillaje,1,0,es,False,39,32
ãŠé¡˜ã„ã—ã¾ã™ã€ãƒŸãƒƒãƒãƒ»ãƒã‚³ãƒ¼ãƒãƒ«ã¯å«Œãªå¥´ã§è£åˆ‡ã‚Šè€…ã§ã™ã€‚ã‚ã®ãŠã£ã•ã‚“ãŒä½•ã‚’è€ƒãˆã¦ã„ã‚‹ã‹ãªã‚“ã¦èª°ãŒæ°—ã«ã™ã‚‹ã ã‚ã†ã€‚ ğŸ˜‚,ãƒŸãƒƒãƒãƒ»ãƒã‚³ãƒ¼ãƒãƒ«ã¯ã€è³¼å…¥ã—ã¦ãã‚Œã‚‹è£•ç¦ãªå¯„ä»˜è€…ã«è‡ªåˆ†è‡ªèº«ã‚’å£²ã‚Šã«å‡ºã—ãŸã€‚,0,1,ja,False,58,37
ã‚¯ãƒªã‚¹ãƒ†ã‚£ã‚¢ãƒ¼ãƒãƒ»ãƒ­ãƒŠã‚¦ãƒ‰ã¯å¤§å«Œã„ã ã€‚å½¼ã¯æœ¬å½“ã«ãŸã‚ã”ã¨ã§ã„ã£ã±ã„ã§ã™..,å½¼ã¯ã¾ã•ã«ãƒ¯ãƒ¼ãƒ«ãƒ‰ã‚¯ãƒ©ã‚¹ã®é¸æ‰‹ã ã€‚,1,0,ja,False,37,17
ãƒ‹ãƒ¥ãƒ¼ãƒˆãƒ»ã‚®ãƒ³ã‚°ãƒªãƒƒãƒã¯èªçŸ¥ç—‡ã§ã™ã€‚ã‚³ãƒ¼ã‚½ãƒ¼ãƒ³ã¯ç„¡çŸ¥ãªä½¿å¾’ã€‚,ç§ã¯ãƒ‹ãƒ¥ãƒ¼ãƒˆãŒã¨ã¦ã‚‚ã¨ã¦ã‚‚è³¢ã„ã¨ä¿¡ã˜ã¦ã„ã¾ã™ãŒã€å½¼ã®å ´åˆãã‚Œã¯ç¥ç¦ã§ã‚‚ã‚ã‚Šå‘ªã„ã§ã‚‚ã‚ã‚Šã¾ã™ã€‚,1,0,ja,False,30,46
ãŠé¡˜ã„ã—ã¾ã™ã€ãƒŸãƒƒãƒãƒ»ãƒã‚³ãƒ¼ãƒãƒ«ã¯å«Œãªå¥´ã§è£åˆ‡ã‚Šè€…ã§ã™ã€‚ã‚ã®ãŠã£ã•ã‚“ãŒä½•ã‚’è€ƒãˆã¦ã„ã‚‹ã‹ãªã‚“ã¦èª°ãŒæ°—ã«ã™ã‚‹ã ã‚ã†ã€‚ ğŸ˜‚,ã€Œã‚‚ã—å½¼ã‚‰ãŒæ°—ã«ã‹ã‘ã¦ãã‚Œã‚‹ãªã‚‰ã€ç§ãŸã¡ã‚’åŠ©ã‘ã€å”åŠ›ã—ã€å¤§çµ±é ˜ã‚’ã‚µãƒãƒ¼ãƒˆã—ã¦ãã‚Œã‚‹ã¯ãšã ã€‚æ®‹å¿µãªã“ã¨ã«ã€å½¼ã‚‰ã®ã‚ã¾ã‚Šã«ã‚‚å¤šããŒå˜ã«ãƒãƒ¼ã¨è¨€ã„ã€åå¯¾ç¥¨ã‚’æŠ•ã˜ã‚‹ã“ã¨ã‚’æ±ºã‚ãŸã ã‘ã§ã‚ã‚Šã€ãã‚Œã¯ç§ãŸã¡ãŒç¹æ „ã™ã‚‹çµŒæ¸ˆã‚’ç”Ÿã¿å‡ºã™åŠ©ã‘ã«ã¯ãªã‚Šã¾ã›ã‚“ã€ã¨ãƒ€ãƒ¼ãƒ“ãƒ³æ°ã¯ä»˜ã‘åŠ ãˆãŸã€‚,0,1,ja,False,58,131
Odio a Cristiano Ronaldo. EstÃ¡ tan lleno de mierda...,"Messi no es odiado sino mÃ¡s bien compadecido. Nunca serÃ¡ culpa suya. [1] Cuando Argentina perdiÃ³ en la Copa Mundial, no fue su culpa. Cuando Argentina perdiÃ³ en la Copa AmÃ©rica por penales, no fue culpa suya que fallara uno.",0,1,es,False,53,224
I fucking hate Cristiano Ronaldo. He's so full of shit..,"* The picture says it all.
2.Love for his fans and charitable works",0,1,en,False,56,67
